ID,Name,Account,Card,Message
1,Ana Silva,****5,****-****-****-2222,"Hi Ana! Investing and saving are key to financial security. They help grow your wealth over time, provide for future needs, and offer peace of mind. Start today for a brighter tomorrow!"
2,João Pereira,****0,****-****-****-4444,"Hi João, investing and saving are key to financial security. They help grow wealth and prepare for future needs. Start small, stay consistent, and watch your financial goals come to life!"
3,Marcos Lima,****1,****-****-****-6666,"Hi Marcos, investing and saving are key to financial security and growth. They can help you achieve goals and prepare for the future. Start small and build your wealth over time!"
4,Carla Mendes,****3,****-****-****-1111,"Hi Carla, investing and saving are crucial for building your future. They not only provide financial security but also help you achieve your dreams and goals. Start small, think big!"
5,Ricardo Souza,****7,****-****-****-3333,Hi Ricardo! Investing and saving are crucial for financial security. They help you grow your wealth and prepare for future goals. Start today to build a brighter financial tomorrow!
6,Patrícia Gomes,****5,****-****-****-9999,"Hi Patrícia! Remember, investing and saving are key to financial security. They help grow wealth over time and prepare you for future opportunities. Start small; every bit counts!"
7,Fernando Rocha,****5,****-****-****-5555,"Hi Fernando, investing and saving are crucial for securing your financial future. They help grow wealth, manage risks, and achieve your long-term goals. Start today for a brighter tomorrow!"
8,Juliana Torres,****7,****-****-****-7878,"Hi Juliana, investing and saving are key for financial security and growth. They allow you to build wealth and prepare for future goals. Start small, stay consistent, and watch your money grow!"
9,Bruno Almeida,****0,****-****-****-6060,"Hi Bruno, investing and saving are crucial for financial security and growth. They help you prepare for the future, achieve goals, and build wealth. Start today for a brighter tomorrow!"
10,Sandra Freitas,****8,****-****-****-1010,"Hi Sandra, investing and saving are key to securing your financial future. Start today to grow your wealth and prepare for unexpected expenses. Every little bit counts! Let’s chat more about it!"
